date,stock_symbol,rsi,macd,macd_signal,macd_hist,sma_20,sma_50,sma_200,ema_20,ema_50,bb_high,bb_low,bb_mid,atr,momentum,daily_return,rolling_vol,volume_change,rolling_mean,rolling_std,close,target
2025-09-03,ACMESOLAR.NS,59.96269426722499,4.363882635106847,4.227009979878024,0.13687265522882353,283.19787445068357,275.2192083740234,237.72204383850098,284.9602416245863,274.64706879063596,300.59542485065066,265.8003240507165,283.19787445068357,12.466628554188848,11.339996337890625,0.03951946901958392,0.02620730498889425,1.1049941663729896,283.19787445068357,8.924755044838324,298.2870788574219,0
2025-09-04,ACMESOLAR.NS,57.14580004995707,4.599957918692894,4.301599567640999,0.29835835105189545,284.3368713378906,276.1304055786133,237.93082000732423,285.86312249106913,275.4232814154211,301.5456723147298,267.1280703610514,284.3368713378906,12.289811779343799,-3.846588134765625,-0.012895590883453045,0.0260564464938433,-0.6570149720733955,284.3368713378906,8.827928633789423,294.44049072265625,1
2025-09-05,ACMESOLAR.NS,58.02824508702899,4.8600174089407915,4.413283135900958,0.4467342730398336,285.83055572509767,277.0915585327148,238.26886589050292,286.83225963477685,276.23174341873795,301.59653355265,270.06457789754535,285.83055572509767,11.99716745073095,1.59857177734375,0.005429184598287895,0.025405772635421216,-0.08207858000111368,285.83055572509767,8.087775975261607,296.0390625,1
2025-09-08,ACMESOLAR.NS,61.22584222997684,5.482609030943763,4.627148314909519,0.8554607160342442,287.10193634033203,278.20557678222656,238.52259544372558,288.2752659251404,277.2416289977519,303.7477575295445,270.45611515111955,287.10193634033203,12.474765131866153,5.944763183593693,0.02008100935528967,0.024428954487695234,4.125966405860775,287.10193634033203,8.539126096406168,301.9838256835937,0
2025-09-09,ACMESOLAR.NS,59.582673356249714,5.748511653376511,4.851420982602917,0.8970906707735935,288.5681442260742,279.22667724609374,238.70419822692872,289.3905354278056,278.1335492607077,304.30421868284145,272.83206976930694,288.5681442260742,12.20816009595787,-1.9982299804686932,-0.00661700995391179,0.023818857546457826,-0.7896779694049029,288.5681442260742,8.072435869721678,299.985595703125,1
2025-09-10,ACMESOLAR.NS,60.77310903293608,6.058703167423573,5.092877419567049,0.965825747856524,289.90196990966797,280.28874145507814,239.02181076049806,290.5994120760503,279.0727724361456,305.4711700122586,274.33276980707734,289.90196990966797,11.974872256191286,2.09814453125,0.006994150923587572,0.023652917649212967,0.3135949028542149,289.90196990966797,7.986831132269969,302.083740234375,1
2025-09-11,ACMESOLAR.NS,66.1868406865516,7.077525247145218,5.489806985082683,1.587718262062535,291.2532791137695,281.57181060791015,239.35918769836425,292.70179263632974,280.3904836331197,309.56157672588984,272.9449815016492,291.2532791137695,12.23639624989566,10.590667724609375,0.03505871489936041,0.02350448649845001,3.4875022101028588,291.2532791137695,9.391958506783892,312.6744079589844,1
2025-09-12,ACMESOLAR.NS,68.75010690732347,8.261345412847334,6.044114670635613,2.2172307422117203,293.08666229248047,282.9461987304687,239.66415199279785,295.1605958208906,281.8857284347314,314.3647379481155,271.80858663684546,293.08666229248047,12.197347103873168,5.844818115234375,0.018692985311420385,0.023296380043340316,-0.3661120182621693,293.08666229248047,10.915422498355829,318.51922607421875,0
2025-09-15,ACMESOLAR.NS,62.15768702474284,8.488963178635686,6.533084372235629,1.9558788064000572,294.82013549804685,284.17511596679685,239.95610412597657,296.6620594908504,283.0245612159368,315.97986269131405,273.66040830477965,294.82013549804685,12.471526161426144,-7.59326171875,-0.023839257090812693,0.023548548634635545,-0.4588395415426878,294.82013549804685,10.854711018159843,310.92596435546875,0
2025-09-16,ACMESOLAR.NS,61.989199062610105,8.554612647414274,6.937390027271358,1.6172226201429156,296.25387115478514,285.4026336669922,240.21486602783204,298.0014923713721,284.1108962559521,317.6432019181098,274.8645403914605,296.25387115478514,12.52986751336793,-0.199859619140625,-0.0006427884514402793,0.023329439347781478,-0.21316420473046982,296.25387115478514,10.972495164380057,310.7261047363281,0
2025-09-17,ACMESOLAR.NS,59.05888058469646,8.237572945013426,7.197426610819772,1.040146334193654,297.4328323364258,286.4615002441406,240.35857330322267,298.88983610386043,285.02141411111086,318.53273397206806,276.33293070078355,297.4328323364258,12.223643704727069,-3.397003173828125,-0.010932467926087819,0.023601122230138213,-0.23494418756889557,297.4328323364258,10.824021154647555,307.3291015625,0
2025-09-18,ACMESOLAR.NS,55.91913928441945,7.596424596603526,7.277226207976524,0.31919838862700267,298.09974517822263,287.37109924316405,240.5075033569336,299.33674961573234,285.74929700787186,319.0915267472039,277.1079636092414,298.09974517822263,11.896473234049221,-3.746673583984375,-0.012191079741345034,0.023447300580673174,-0.2436083925162501,298.09974517822263,10.76855673073744,303.5824279785156,0
2025-09-19,ACMESOLAR.NS,49.262899369514614,6.302168842786557,7.08221473493853,-0.7800458921519731,298.47941131591796,288.01153442382815,240.6810954284668,298.8989833530361,286.10188159020714,318.9328356068479,278.025987024988,298.47941131591796,11.842452745586105,-8.84222412109375,-0.029126271174428786,0.02433955519187187,0.7517589403319069,298.47941131591796,10.492385274253369,294.7402038574219,1
2025-09-22,ACMESOLAR.NS,51.37580829849657,5.455435656202212,6.7568589191912665,-1.3014232629890543,298.839094543457,288.22974182128905,240.76786163330078,298.7883705411398,286.5581822662039,318.972167613465,278.706021473449,298.839094543457,11.710219900451062,2.997344970703125,0.010169447301302315,0.02430558462150217,-0.1817756027751819,298.839094543457,10.328048565388384,297.737548828125,0
2025-09-23,ACMESOLAR.NS,44.434283577722006,3.8969864992455996,6.184884435202133,-2.2878979359565337,298.05228729248046,288.0730792236328,240.81490097045898,297.6939307686205,286.5871458216347,318.691858538659,277.4127160463019,298.05228729248046,12.543731791067017,-10.4407958984375,-0.03506711175507349,0.02354934966944019,0.48983520421215343,298.05228729248046,10.587876647449185,287.2967529296875,0
2025-09-24,ACMESOLAR.NS,42.31328429342605,2.344644865687769,5.416836521299261,-3.0721916556114914,297.96486511230466,287.9228118896484,240.86915969848633,296.36117080702564,286.47392250203626,318.83080913080113,277.0989210938082,297.96486511230466,12.529117381045664,-3.5968017578125,-0.01251946539991966,0.01978960614464931,-0.3787264902307501,297.96486511230466,10.70400342939905,283.699951171875,0
2025-09-25,ACMESOLAR.NS,40.519633454266994,0.8546259204316584,4.50439440112574,-3.6497684806940818,297.69260559082034,287.88704284667966,240.8967027282715,294.8603603618625,286.2436769581451,319.3022631959451,276.08294798569557,297.69260559082034,12.283608404981047,-3.0972900390625,-0.010917485273679417,0.019926287330391507,-0.05154388595678783,297.69260559082034,11.085520449415167,280.6026611328125,0
2025-09-26,ACMESOLAR.NS,33.63492473117938,-1.4303599395950073,3.317443532981591,-4.747803472576598,296.8108840942383,287.6390625,240.8433282470703,292.17984368956456,285.47784395205053,321.7143450841105,271.9074231043661,296.8108840942383,12.530215148425594,-13.887725830078125,-0.04949249509613485,0.022706574319813537,0.7189095237898409,296.8108840942383,12.775205933803004,266.7149353027344,1
2025-09-29,ACMESOLAR.NS,41.82867442821434,-2.351483080706714,2.18365821024393,-4.535141290950644,296.5860824584961,287.62127807617185,240.87734405517577,290.7727621058486,285.1612809366975,322.09757563512085,271.07458928187134,296.5860824584961,12.630749045768605,10.6905517578125,0.040082313896963484,0.024599350579893618,-0.11631688739532176,296.5860824584961,13.087119864292566,277.4054870605469,0
2025-09-30,ACMESOLAR.NS,41.49351611244956,-3.0981707722311285,1.1272924137489184,-4.225463185980047,296.07653045654297,287.65045166015625,240.9228356933594,289.437836427241,284.8316637423356,322.71976119666823,269.4332997164177,296.07653045654297,12.47075514863971,-0.649444580078125,-0.0023411381907394446,0.024215267544424643,-0.036941518220069414,296.07653045654297,13.66768898448911,276.75604248046875,1
2025-10-01,ACMESOLAR.NS,49.125143012099876,-2.747245810209222,0.35238476895729043,-3.0996305791665124,295.5644805908203,287.691015625,241.00755920410157,289.30528834302464,284.95771934236046,322.4109567304516,268.7180044511891,295.5644805908203,12.70756354652377,11.2900390625,0.04079419174125798,0.02433039658938921,-0.02761148114319778,295.5644805908203,13.771951674516128,288.04608154296875,0
2025-10-03,ACMESOLAR.NS,47.90435417785084,-2.60438267879897,-0.23896872059396174,-2.3654139582050084,295.14235229492186,287.7393737792969,241.10000885009765,288.9903013393735,284.9985117134321,322.30982621503614,267.9748783748076,295.14235229492186,12.238778874474761,-2.04815673828125,-0.0071105176203403175,0.02422148284984768,-0.35532833777073924,295.14235229492186,13.93662006143761,285.9979248046875,1
2025-10-06,ACMESOLAR.NS,49.26220784389454,-2.2993875775884476,-0.6510524919928589,-1.6483350855955887,294.7427032470703,287.78153625488284,241.22216339111327,288.90037564447783,285.1180242557669,322.0802846256949,267.40512186844575,294.7427032470703,11.960484114875502,2.04815673828125,0.007161439159672156,0.024249421561443035,-0.0032284382021712243,294.7427032470703,14.023883346417513,288.04608154296875,1
2025-10-07,ACMESOLAR.NS,50.515734192064194,-1.886777646090593,-0.8981975228124057,-0.9885801232781872,294.1382354736328,287.98315856933596,241.38375457763672,288.99505131784605,285.30533586200517,321.3429433815526,266.933527565713,294.1382354736328,11.723476405759707,1.8483886718749432,0.006416989469093748,0.023810118635434092,0.5728547833332014,294.1382354736328,13.955720694162755,289.8944702148437,0
2025-10-08,ACMESOLAR.NS,45.98548823602821,-2.087963229278728,-1.1361506641056702,-0.9518125651730576,293.2914810180664,288.239931640625,241.547808303833,288.4289042010795,285.21691118474206,320.76833276538053,265.8146292707523,293.2914810180664,11.64969876985815,-6.843963623046818,-0.023608465583957794,0.024290410934615432,-0.47805411683866583,293.2914810180664,14.095327538098717,283.0505065917969,0
2025-10-09,ACMESOLAR.NS,44.60202988602048,-2.397136553371354,-1.3883478419588071,-1.0087887114125467,292.22991638183595,287.97536499023437,241.76026245117188,287.70733689714484,285.0457557465077,319.9058057177737,264.5540270458982,292.22991638183595,11.317137090149417,-2.19805908203125,-0.0077656073062649655,0.02420698358509376,-0.2647250804212753,292.22991638183595,14.197431666688257,280.8524475097656,1
2025-10-10,ACMESOLAR.NS,47.610973703137,-2.301210604469361,-1.570920394460918,-0.730290210008443,290.8336471557617,287.9423944091797,242.02139587402343,287.4255927581311,285.0341191853702,317.0205500693873,264.6467442421361,290.8336471557617,11.001194017223154,3.896575927734375,0.013874103509811553,0.022863676976814414,-0.09232889899407981,290.8336471557617,13.433597748767752,284.7490234375,0
2025-10-13,ACMESOLAR.NS,46.66609531945717,-2.3074281752306547,-1.7182219506148655,-0.5892062246157892,289.0776962280273,288.0371112060547,242.29000900268554,287.0422227354073,284.97004421808236,312.1248951580553,266.0304972979993,289.0776962280273,10.786319807547255,-1.34881591796875,-0.004736858801781985,0.02220803155155119,0.21535941036767414,289.0776962280273,11.822963589204436,283.40020751953125,0
2025-10-14,ACMESOLAR.NS,45.689598407236474,-2.393601864579807,-1.8532979334078539,-0.5403039311719533,287.633967590332,288.1180401611328,242.5204359436035,286.5669054845649,284.85558725272864,308.5442616176799,266.7236735629841,287.633967590332,10.483312664739449,-1.34881591796875,-0.004759403423781117,0.021788667798875994,-0.17841711473261201,287.633967590332,10.726754503897235,282.0513916015625,0
2025-10-15,ACMESOLAR.NS,43.5799701709114,-2.6649758342741166,-2.0156335135811063,-0.6493423206930102,286.05535888671875,288.174990234375,242.7206544494629,285.8609078826123,284.63199287670255,304.3585067092637,267.7522110641738,286.05535888671875,10.237633865042795,-2.8974609375,-0.010272812061119296,0.021802188382091036,0.49579788520074475,286.05535888671875,9.389316720472813,279.1539306640625,1
2025-10-16,ACMESOLAR.NS,44.71747574586189,-2.7515759746340223,-2.1628220057916896,-0.5887539688423327,284.7065490722656,288.2559197998047,242.92736694335937,285.33633620554804,284.46418551971175,300.3179948255239,269.0951033190073,284.7065490722656,9.759721561627842,1.198974609375,0.004295030367377661,0.021854241865317217,-0.4648304692540316,284.7065490722656,8.008502693797372,280.3529052734375,0
2025-10-17,ACMESOLAR.NS,41.911696769008294,-3.0829677134529447,-2.3468511473239406,-0.7361165661290041,283.36023406982423,288.35583129882815,243.1530266571045,284.50964970308513,284.1579871828481,296.70823307273196,270.0122350669165,283.36023406982423,9.555021240677064,-3.69677734375,-0.013186156712534869,0.02187414241902779,0.9590018147414832,283.36023406982423,6.847379010318779,276.6561279296875,0
2025-10-20,ACMESOLAR.NS,40.32825584109,-3.4788301291433186,-2.573246943687816,-0.9055831854555025,282.34862518310547,288.5226843261719,243.3494799041748,283.5571141240339,283.7795573373657,295.1489080649853,269.54834230122566,282.34862518310547,9.218641450988946,-2.148101806640625,-0.007764519162165695,0.02111177629427425,-0.4439558615018896,282.34862518310547,6.5664065686874284,274.5080261230469,1
2025-10-21,ACMESOLAR.NS,53.92908940822834,-2.5059845290984413,-2.5597944607699414,0.053809931671500166,281.96646270751955,288.7934460449219,243.62880531311035,284.17970318997413,284.02719427772024,293.2756779141805,270.6572475008586,281.96646270751955,9.91611511645287,15.586273193359375,0.056778934348436616,0.024911795782537913,3.3984307052820917,281.96646270751955,5.80150499055318,290.09429931640625,0
2025-10-23,ACMESOLAR.NS,48.85552165360387,-2.2412565654570358,-2.4960868817073605,0.2548303162503247,281.7766311645508,289.0502197265625,243.86957015991212,284.1149811785778,284.00652477939053,292.84651047597316,270.7067518531284,281.7766311645508,9.839407790178786,-6.59417724609375,-0.02273115073833787,0.02416564692758656,-0.37764753485821,281.7766311645508,5.678728266857321,283.5001220703125,0
2025-10-24,ACMESOLAR.NS,48.409633199682624,-2.056129580465665,-2.408095421459022,0.3519658409933566,281.7366653442383,289.200087890625,244.08462936401367,283.99932913924897,283.96315654355664,292.78422995148156,270.68910073699504,281.7366653442383,9.678970275489844,-0.5994873046875,-0.002114592756820133,0.024002227698136192,-0.44340047337974786,281.7366653442383,5.667281065146868,282.900634765625,1
2025-10-27,ACMESOLAR.NS,48.78715101838304,-1.8517886329074713,-2.2968340637487117,0.4450454308412404,281.87404479980466,289.15412841796876,244.3616268157959,283.9375121016196,283.93912100240306,292.93011686123316,270.81797273837617,281.87404479980466,9.505016341359672,0.449615478515625,0.0015893053010931357,0.023861763241227567,0.43835769846343364,281.87404479980466,5.671645297059554,283.3502502441406,0
2025-10-28,ACMESOLAR.NS,47.49789689404924,-1.7941280785962022,-2.19629286671821,0.4021647881220076,282.6283782958984,289.15312927246094,244.60757400512696,283.7340923990472,283.8552968542543,291.2308188033218,274.025937788475,282.6283782958984,9.215028192328758,-1.54864501953125,-0.0054654796252937565,0.020819042438031645,-0.38445367928292673,282.6283782958984,4.412958867858414,281.8016052246094,1
2025-10-29,ACMESOLAR.NS,50.71056316777251,-1.4455649311603906,-2.046147279606646,0.6005823484462556,283.02552795410156,289.3349688720703,244.8866771697998,283.8878436205293,283.9138530648565,291.3559027121162,274.69515319608695,283.02552795410156,9.106328382980632,3.546875,0.012586425819586688,0.01907304748521117,1.4528136155381284,283.02552795410156,4.273392083239807,285.3484802246094,1
2025-10-30,ACMESOLAR.NS,53.310643428040535,-0.9168935951450408,-1.8202965427143252,0.9034029475692844,283.60501861572266,289.4608581542969,245.1400919342041,284.31241620075417,284.08765709026954,291.7199304311838,275.4901068002615,283.60501861572266,8.937594622355778,2.99737548828125,0.010504263018754845,0.019150110041147188,-0.4973471229462406,283.60501861572266,4.162861925871597,288.3458557128906,0
2025-10-31,ACMESOLAR.NS,47.229097687014054,-1.0342179268879477,-1.6630808195490498,0.6288628926611022,283.28030548095705,289.4168969726563,245.39631896972656,284.0495021671258,283.9882124533043,291.1751491884614,275.38546177345273,283.28030548095705,8.909372769525453,-6.794036865234375,-0.023562110329060082,0.01767844008796533,-0.08904353575163793,283.28030548095705,4.049969368497564,281.55181884765625,0
2025-11-03,ACMESOLAR.NS,40.52926705990203,-1.8436240883859796,-1.6991894733164359,-0.1444346150695437,282.6009033203125,289.0602111816406,245.6487092590332,282.94096687423735,283.53416026265694,291.69146656637326,273.51034007425176,282.6009033203125,9.215016676473681,-9.141937255859375,-0.032469821339729865,0.019000278143199968,1.0096993377359138,282.6009033203125,4.663360549359644,272.4098815917969,1
2025-11-04,ACMESOLAR.NS,41.6496313863178,-2.36510718581917,-1.8323730158169826,-0.5327341700021873,281.87654266357424,288.7884509277344,245.88213996887208,282.047433686996,283.142972346796,291.4139024964407,272.3391828307078,281.87654266357424,9.59517298342074,1.14898681640625,0.004217860268842966,0.018934732457917363,2.0971883768080977,281.87654266357424,4.892562362283737,273.5588684082031,0
2025-11-06,ACMESOLAR.NS,38.460612280272734,-3.1213224391246968,-2.0901629004785254,-1.0311595386461714,280.82496948242186,288.3548333740234,246.11679588317872,280.7917739636437,282.58297368973723,291.1956492930761,270.45428967176764,280.82496948242186,9.66984736480031,-4.69586181640625,-0.01716581825232255,0.019089856662200512,-0.6924531720429703,280.82496948242186,5.320046491068892,268.8630065917969,0
2025-11-07,ACMESOLAR.NS,35.938574179878245,-3.997034073907514,-2.4715371351643234,-1.5254969387431907,279.915771484375,287.59150634765626,246.30182403564453,279.2750856462357,281.88821184429105,292.3330209637612,267.4985220049888,279.915771484375,9.44301957759542,-3.9964599609375,-0.014864298408316046,0.018703419370742644,-0.17405425810595054,279.915771484375,6.369914579145448,264.8665466308594,0
2025-11-10,ACMESOLAR.NS,31.93549486056662,-5.203465878094505,-3.0179228837503596,-2.1855429943441456,278.7617889404297,287.0379943847656,246.48572029113768,277.22724859715225,280.94250928690155,294.4700089689299,263.0535689119295,278.7617889404297,9.557107951103392,-7.09375,-0.026782355454977314,0.01942003634586165,0.4699867535517597,278.7617889404297,8.058146849515825,257.7727966308594,0
2025-11-11,ACMESOLAR.NS,28.907453993955272,-6.583529326340511,-3.73104417226839,-2.8524851540721206,277.10325012207034,286.3486022949219,246.67552597045898,274.784486546977,279.79096959213337,296.5033729761159,257.7031272680248,277.10325012207034,9.502475457359768,-6.194549560546875,-0.02403104455361793,0.019423053180078014,-0.028144236858451688,277.10325012207034,9.952053038021608,251.5782470703125,1
2025-11-12,ACMESOLAR.NS,32.677274526293274,-7.318763634303821,-4.4485880646754765,-2.870175569628344,275.68200225830077,285.7611199951172,246.88975296020507,272.89789261337353,278.8178041275062,297.0895786278348,254.27442588876676,275.68200225830077,9.162715215263413,3.3970031738281534,0.01350276986737553,0.019907488571655196,-0.44150012083675816,275.68200225830077,10.981854962875794,254.97525024414065,0
2025-11-13,ACMESOLAR.NS,30.547997647880678,-8.142158706075179,-5.187302192955418,-2.9548565131197613,274.1208786010742,285.13966796875,247.08374740600587,270.79608555086475,277.72020076787976,297.8686622553481,250.37309494680028,274.1208786010742,9.025636121475841,-4.146331787109403,-0.016261702981521742,0.02006313355948269,0.15102141525154744,274.1208786010742,12.182355969643353,250.82891845703125,0
2025-11-14,ACMESOLAR.NS,30.317310114888855,-8.730346216232306,-5.8959109976107955,-2.8344352186215103,272.6821479797363,284.40831268310546,247.29156425476074,268.8516315210019,276.64800929609254,298.43760294319316,246.92669301627947,272.6821479797363,8.562929411159153,-0.4496002197265625,-0.0017924576739088982,0.020050120031175997,-0.4130574116344278,272.6821479797363,13.21226962030543,250.3793182373047,1
2025-11-17,ACMESOLAR.NS,32.27559943638117,-8.964164366268392,-6.509561671342315,-2.454602694926077,271.2633972167969,283.48212890625,247.55513610839844,267.2446085203968,275.6805536379967,298.2681597884341,244.25863464515962,271.2633972167969,8.229617257398857,1.59857177734375,0.006384599928611623,0.020107759429239418,0.5344875999537511,271.2633972167969,13.853150900849615,251.97789001464844,0
2025-11-18,ACMESOLAR.NS,29.184194212136873,-9.491528040663866,-7.1059549452066255,-2.3855730954572403,269.7497329711914,282.52097595214843,247.88465995788573,265.2577737106045,274.531623809745,298.69942330287734,240.8000426395055,269.7497329711914,8.355443265958336,-5.595046997070369,-0.022204515629308252,0.020396934772859265,0.283877541989243,269.7497329711914,14.850877789939315,246.38284301757807,0
2025-11-19,ACMESOLAR.NS,27.322114082338857,-10.091437546860504,-7.703051465537402,-2.3883860813231026,268.15863571166994,281.4539163208008,248.23043617248535,263.10808868412954,273.2827789910341,299.3021453072934,237.01512611604647,268.15863571166994,8.240344141732121,-3.6967620849608807,-0.015004137624538783,0.020501672031371106,-0.4726570833166427,268.15863571166994,15.97628332653298,242.6860809326172,1
2025-11-20,ACMESOLAR.NS,29.291770775995204,-10.326897758902646,-8.227820724210451,-2.099077034692195,265.86315841674804,280.2979348754883,248.4969652557373,261.3058662778285,272.1416799489531,296.9687216615618,234.75759517193427,265.86315841674804,8.022849372048842,1.4986724853515625,0.006175354101860098,0.01463719441021164,0.03168097851720875,265.86315841674804,15.956817259297276,244.18475341796875,0
2025-11-21,ACMESOLAR.NS,26.070643521473585,-10.899794942982112,-8.762215567964784,-2.137579375017328,263.58017044067384,279.05503021240236,248.63634780883788,259.07105639887607,270.7965302469874,295.85323736418,231.30710351716766,263.58017044067384,8.034986399119864,-6.344390869140682,-0.025981928766375728,0.01482073883551389,0.4183967877537391,263.58017044067384,16.555734009456387,237.84036254882807,0
2025-11-24,ACMESOLAR.NS,23.88768693984879,-11.614971272193145,-9.332766708810457,-2.282204563382688,261.08237228393557,277.67224884033203,248.72729606628417,256.58282927811257,269.31214363459026,294.69257245056326,227.47217211730785,261.08237228393557,8.071235480495712,-4.895690917968722,-0.020583936492123533,0.014967621083347513,0.050772304479305586,261.08237228393557,17.24166889010444,232.94467163085935,1
2025-11-25,ACMESOLAR.NS,28.739798661840936,-11.74803307934826,-9.815819982918018,-1.9322130964302424,258.7469306945801,276.15158905029296,248.8221548461914,254.68364729515247,268.03093872566643,292.33455896147746,225.15930242768277,258.7469306945801,8.22264823731377,3.6967468261719034,0.01586963462306623,0.015842547224328627,-0.03622376706497876,258.7469306945801,17.230089749860028,236.64141845703125,0
2025-11-26,ACMESOLAR.NS,27.15277351064111,-11.96946431071251,-10.246548848476918,-1.7229154622355924,256.331559753418,274.45108825683593,248.95497871398925,252.66560340050626,266.67655628157627,289.8879201161303,222.7751993907057,256.331559753418,8.120602974085717,-3.1472320556640625,-0.013299582449196379,0.015851399993860222,-0.3090620615501619,256.331559753418,17.21404965345557,233.4941864013672,0
2025-11-27,ACMESOLAR.NS,26.52678161798454,-12.106173625993335,-10.618473803980201,-1.487699822013134,253.6763999938965,272.87747467041015,249.07946189880371,250.72081117514182,265.32631035030585,286.01002364856475,221.34277633922824,253.6763999938965,7.975889816021764,-1.2489013671875,-0.005348747163411938,0.015038202109952256,0.38555578367318066,253.6763999938965,16.586798957079044,232.2452850341797,0
2025-11-28,ACMESOLAR.NS,25.367896075306845,-12.258634107238379,-10.946505864631838,-1.3121282426065406,250.7564727783203,271.26189880371095,249.09198997497558,248.74238262525853,263.93889862681806,280.48152981747234,221.03141573916827,250.7564727783203,7.777284654200747,-2.2979736328125,-0.009894597569437447,0.014235019829056946,-0.544790188021417,250.7564727783203,15.248632518333208,229.9473114013672,0
2025-12-01,ACMESOLAR.NS,23.62342499537374,-12.526107742041148,-11.262426240113701,-1.2636815019274472,247.99590606689452,269.6421264648437,249.01651260375976,246.60886852943779,262.46445101867386,275.97185161587873,220.01996051791033,247.99590606689452,7.6513859353549325,-3.606826782226534,-0.015685448811057934,0.013980369693858068,0.6927613457009292,247.99590606689452,14.351357256185404,226.34048461914065,0
2025-12-02,ACMESOLAR.NS,21.64321600588974,-12.948387941051408,-11.599618580301243,-1.3487693607501647,245.46963348388672,268.00816650390624,248.95733406066896,244.25416009155236,260.8730776427118,273.2954975982568,217.64376936951663,245.46963348388672,7.584434008488097,-4.4560546875,-0.01968739571711231,0.0132064623693743,0.6114152653844787,245.46963348388672,14.274367104703417,221.88442993164065,0
2025-12-03,ACMESOLAR.NS,20.146675090516496,-13.42417960920585,-11.964530786082165,-1.4596488231236862,242.70257339477538,266.4777157592773,248.97554565429687,241.7744940472118,259.2003164263692,269.80211478134913,215.6030320082016,242.70257339477538,7.517270866706583,-3.666763305664091,-0.016525554798025976,0.012830199665951936,-0.5127631730687271,242.70257339477538,13.901771407030193,218.21766662597656,1
2025-12-04,ACMESOLAR.NS,21.46920123964763,-13.577816209914147,-12.287187870848562,-1.2906283390655844,240.21176986694337,264.90390350341795,249.053002243042,239.6099647127303,257.62567405808636,266.3768786431817,214.046661090705,240.21176986694337,7.349996591635621,0.8292694091796875,0.003800193733173085,0.013165716672824214,1.8639485464368408,240.21176986694337,13.422417592186928,219.04693603515625,0
2025-12-05,ACMESOLAR.NS,18.802483016915033,-14.069486268295464,-12.643647550337944,-1.4258387179575198,237.59107971191406,263.4070233154297,249.14150688171387,237.02356269535343,255.85418658640742,263.85287620213927,211.32928322168885,237.59107971191406,7.5322308833990474,-6.5941925048828125,-0.030104016172243897,0.013877106484312883,-0.1623992738880693,237.59107971191406,13.472017342918464,212.45274353027344,0
2025-12-08,ACMESOLAR.NS,17.933775092075592,-14.484850288742706,-13.011888098018897,-1.472962190723809,235.20568161010743,261.9343209838867,249.26753105163573,234.456064781008,254.0585257239886,262.3534246648921,208.05793855532278,235.20568161010743,7.600109278641166,-2.387908935546875,-0.011239718046788139,0.013365012929335366,-0.3429014387334959,235.20568161010743,13.92649834108958,210.06483459472656,1
2025-12-09,ACMESOLAR.NS,28.293777412113798,-14.092076882891291,-13.227925854993376,-0.8641510278979148,233.4767059326172,260.6622424316406,249.4489365386963,232.79346180381748,252.60520053953837,260.6378719089323,206.31553995630208,233.4767059326172,8.484557683723276,6.93389892578125,0.0330083754339876,0.016050791876726637,1.9136398415405145,233.4767059326172,13.933384154545568,216.9987335205078,0
2025-12-10,ACMESOLAR.NS,27.867964081424873,-13.685922311966493,-13.319525146388,-0.3663971655784941,231.5389144897461,259.6523321533203,249.64331451416015,231.21498176409378,251.17830723942782,257.80360727236587,205.27422170712634,231.5389144897461,8.437311157085334,-0.7793121337890625,-0.0035913211157769798,0.015326698360743388,-0.13671772244531766,231.5389144897461,13.473503109567533,216.21942138671875,1
2025-12-11,ACMESOLAR.NS,40.19521284149287,-12.42110369951368,-13.139840857013137,0.7187371574994579,230.3040023803711,258.6268359375,249.86723564147948,230.73076219318307,250.19604720139267,255.1064823533823,205.5015224073599,230.3040023803711,8.805219558343355,9.9112548828125,0.04583887432149658,0.01934860952371989,1.0123925585470914,230.3040023803711,12.72340376516753,226.13067626953125,1
2025-12-12,ACMESOLAR.NS,42.324621169064024,-11.129989793597758,-12.737870644330062,1.607880850732304,229.19098358154298,257.65409393310546,250.05578140258788,230.4820174377125,249.3302783801907,252.22485007459173,206.15711708849423,229.19098358154298,8.461024717129346,1.9882659912109375,0.008792553155597016,0.019584107006227893,-0.8802247496497637,229.19098358154298,11.816124193343803,228.1189422607422,1
2025-12-15,ACMESOLAR.NS,44.721197637025654,-9.812266883885286,-12.152749892241108,2.3404830083558217,228.11043701171874,256.50051147460937,250.2080047607422,230.47105945489835,248.58661878167985,248.6607811587274,207.5600928647101,228.11043701171874,8.453997196400557,2.2480163574219034,0.009854579962291776,0.019700301530383307,0.4959759136302062,228.11043701171874,10.542104111365354,230.3669586181641,1
2025-12-16,ACMESOLAR.NS,45.10331000384763,-8.640148253711942,-11.450229564535276,2.8100813108233336,227.32712631225587,255.39488555908204,250.38633155822754,230.4944470333195,247.8858348697834,246.15382610456703,208.5004265199447,227.32712631225587,8.351127526557097,0.3496704101562216,0.0015178843886887172,0.019274508191525597,-0.1525225841281267,227.32712631225587,9.657893214058657,230.7166290283203,1
2025-12-17,ACMESOLAR.NS,49.49687348609523,-7.297378214693879,-10.619659294566997,3.322281079873118,226.9329734802246,254.3300244140625,250.59592041015625,230.90478772462166,247.3727834745759,244.7605227219022,209.10542423854702,226.9329734802246,8.261315076189645,4.086395263671875,0.01771175004108727,0.019597021249409242,0.745469092663404,226.9329734802246,9.145339796346647,234.8030242919922,0
2025-12-18,ACMESOLAR.NS,47.27525512868245,-6.339923776050767,-9.763712190863751,3.423788414812984,226.35248565673828,253.18363494873046,250.79137466430663,231.06385526972838,246.79247812060206,242.5794801742156,210.12549113926096,226.35248565673828,8.12153941308856,-2.22802734375,-0.009488920981611026,0.01958845926775533,-0.2272109280491591,226.35248565673828,8.324272547168102,232.5749969482422,0
2025-12-19,ACMESOLAR.NS,47.20364057716153,-5.523110109716242,-8.91559177463425,3.392481664918007,226.08572082519532,252.1727261352539,250.98343490600587,231.20111342670364,246.23218744598898,241.71285373067295,210.4585879197177,226.08572082519532,7.9403632688701835,-0.0699310302734375,-0.0003006816347029817,0.018775911104460672,0.6818326644057038,226.08572082519532,8.016550033088807,232.50506591796875,1
2025-12-22,ACMESOLAR.NS,49.419977416582505,-4.670375734857629,-8.066548566678925,3.3961728318212963,226.15765762329102,251.24334533691408,251.1916244506836,231.50418906156744,245.76752941252957,241.92305844729307,210.39225679928896,226.15765762329102,7.815661392415401,1.8783416748046875,0.008078712897668261,0.018287371750508513,-0.2626848505134144,226.15765762329102,8.087479978685778,234.38340759277344,1
2025-12-23,ACMESOLAR.NS,51.010350058890985,-3.8414574963143764,-7.221530352606016,3.3800728562916396,226.11219787597656,250.2630093383789,251.43505561828613,231.9068590091079,245.37398800461634,241.76123014413156,210.46316560782157,226.11219787597656,7.542862537791175,1.34881591796875,0.005754741480302306,0.017976155315786037,-0.5703687454489506,226.11219787597656,8.027784169104539,235.7322235107422,1
2025-12-24,ACMESOLAR.NS,52.34896474187851,-3.0589776163434124,-6.389019805353495,3.330042189010083,226.28004989624023,249.3320297241211,251.66441802978517,232.3777511803015,245.03976207528396,242.30958860712826,210.2505111853522,226.28004989624023,7.532192140178056,1.119003295898466,0.004746925470066055,0.017726771840925266,0.9778414436391658,226.28004989624023,8.222979855641046,236.85122680664065,0
2025-12-26,ACMESOLAR.NS,45.28198539613277,-2.8844922758642895,-5.688114299455654,2.8036220235913643,226.2136085510254,248.3093310546875,251.81639427185058,232.23858041359495,244.48590701860155,242.1544649799021,210.27275212214872,226.2136085510254,7.516574535705606,-5.934768676757841,-0.025056947167948707,0.018615676151958558,0.08325106667782145,226.2136085510254,8.177486804862461,230.9164581298828,1
2025-12-29,ACMESOLAR.NS,50.75404988905113,-2.3530685194071452,-5.021105143445952,2.668036624038807,226.48886642456054,247.43530181884765,251.98131851196288,232.54466502868783,244.13165454226697,242.86235220828146,210.11538064083962,226.48886642456054,7.648372311645803,4.5360107421875,0.019643514277514873,0.01896806195096347,1.0968459796087013,226.48886642456054,8.399420981135844,235.4524688720703,0
2025-12-30,ACMESOLAR.NS,49.247013750758796,-2.012711869673609,-4.419426488691484,2.406714619017875,226.88002166748046,246.51151550292968,252.11254844665527,232.6988483095308,243.7407500299247,243.590943197109,210.16910013785193,226.88002166748046,7.386809896650779,-1.2888793945312784,-0.005474053428726533,0.018619511735673937,-0.4758665033422572,226.88002166748046,8.572521866396308,234.16358947753903,1
2025-12-31,ACMESOLAR.NS,52.890424329815545,-1.4744431734175123,-3.83042982563669,2.355986652219178,227.64984283447265,245.72401000976564,252.24514083862306,233.13522973447877,243.48742074528,244.78252132049855,210.51716434844676,227.64984283447265,7.1903172643395035,3.1172637939453693,0.013312333488312733,0.018063036358098004,-0.2964727212128635,227.64984283447265,8.788878619948813,237.2808532714844,1
2026-01-01,ACMESOLAR.NS,53.295461205313316,-1.0080247606124715,-3.2659488126318466,2.257924052019375,228.6204864501953,244.98646026611328,252.4317356109619,233.5633544207598,243.25773910587412,245.7052675531778,211.5357053472128,228.6204864501953,6.889393645064408,0.3496856689452841,0.0014737205472925563,0.01745004003840328,-0.10951642339672285,228.6204864501953,8.764307780886789,237.6305389404297,1
2026-01-02,ACMESOLAR.NS,56.33363526478213,-0.42149382649188283,-2.6970578154038543,2.2755639889119714,229.68105087280273,243.98973876953124,252.64778869628907,234.20096109376408,243.1401110816165,246.88998383138676,212.4721179142187,229.68105087280273,6.804791441059765,2.627685546875,0.011057861327889773,0.017511959200770498,0.15350853297011446,229.68105087280273,8.827996338995973,240.2582244873047,0
2026-01-05,ACMESOLAR.NS,53.70164737539561,-0.1038077864342597,-2.1784078096099355,2.074600023175676,230.97940673828126,243.08813354492187,252.83638359069823,234.60276106958116,242.95500322899795,246.6419386826901,215.31687479387242,230.97940673828126,6.693404674402747,-1.838363647460966,-0.007651615886964613,0.015793559444945416,-0.43153892424362394,230.97940673828126,8.034709356902832,238.41986083984372,0
2026-01-06,ACMESOLAR.NS,44.19125278909392,-0.48097994779948294,-1.838922237247845,1.3579422894483621,232.00400390625,242.0412564086914,253.00817169189452,234.2174293442974,242.46879831625694,244.4002762052695,219.6077316072305,232.00400390625,7.20586016844766,-7.863082885742131,-0.032979982699612775,0.017671744010679127,2.2623941545191286,232.00400390625,6.359153512673443,230.5567779541016,0
2026-01-07,ACMESOLAR.NS,44.084417039944725,-0.7789743409792891,-1.6269326579941341,0.847958317014845,232.67691040039062,240.983388671875,253.17946022033692,233.8592802070615,241.9977420451614,243.0356485083517,222.31817229242955,232.67691040039062,7.1928564078816555,-0.09991455078127842,-0.00043336201896948534,0.01639978932103043,-0.36442424950636265,232.67691040039062,5.313920526843791,230.4568634033203,0
2026-01-08,ACMESOLAR.NS,42.247586682198204,-1.136669687474722,-1.5288800638902518,0.3922103764155298,233.30535659790038,239.9231234741211,253.30083267211913,233.37633402895221,241.47972648797526,240.69305417023082,225.91765902556995,233.30535659790038,7.061600300563216,-1.6685180664062216,-0.007240045020859953,0.016498612530150707,0.19139974024320972,233.30535659790038,3.789808890481535,228.7883453369141,0
2026-01-09,ACMESOLAR.NS,39.498794736956235,-1.6103910737294598,-1.5451822658580936,-0.06520880787136618,233.30885314941406,238.740166015625,253.43397102355956,232.69293148331911,240.88054534334114,240.68301828667725,225.93468801215087,233.30885314941406,7.211624390092934,-2.5877380371094034,-0.011310620011254047,0.013324667789697221,0.12639506334047557,233.30885314941406,3.7828668977665414,226.2006072998047,0
2026-01-12,ACMESOLAR.NS,36.46074066686083,-2.2086685413758858,-1.6778795209616522,-0.5307890204142336,233.05907287597657,237.43571563720704,253.54014427185058,231.78154151271656,240.1841842236804,241.39517894647648,224.72296680547666,233.05907287597657,7.241741753155777,-3.0772705078125,-0.013604165543790514,0.013495750563303727,-0.551181786964819,233.05907287597657,4.276332184509268,223.1233367919922,1
2026-01-13,ACMESOLAR.NS,38.55922733826568,-2.5510136297499173,-1.8525063427193054,-0.6985072870306119,232.76033554077148,236.29252349853516,253.66838302612305,231.07779583665427,239.56489119193068,241.85467929873724,223.66599178280572,232.76033554077148,7.089867446222061,1.2688751220703125,0.005686877671846613,0.013350404016210455,-0.42374718716368265,232.76033554077148,4.665299911046814,224.3922119140625,0
2026-01-14,ACMESOLAR.NS,35.736875669299025,-3.0149195599567804,-2.0849889861668007,-0.9299305737899797,232.30323944091796,235.27582000732423,253.79695770263672,230.1727397599491,238.85939377386478,242.60176607237568,222.00471280946024,232.30323944091796,6.947413691986658,-2.8175048828125,-0.012556161636712915,0.01356722330140618,0.09220561369671376,232.30323944091796,5.283032691124036,221.57470703125,0
2026-01-15,ACMESOLAR.NS,35.736875669299025,-3.3440205644213563,-2.336795301817712,-1.0072252626036442,231.64182357788087,234.23613677978517,253.95422958374024,229.35387950007302,238.18156292121324,242.87037039730788,220.41327675845386,231.64182357788087,6.451169856844754,0.0,0.0,0.012772316525707431,-1.0,231.64182357788087,5.7601229810533665,221.57470703125,0
2026-01-19,ACMESOLAR.NS,28.53367467546778,-4.666884830038242,-3.065693751849018,-1.601191078189224,229.8768798828125,232.1571694946289,254.17029037475587,226.71683274654328,236.38838010512222,244.92351625230307,214.8302435133219,229.8768798828125,6.418010832407705,-2.9374084472656534,-0.013576529711609053,0.013681431078954049,-0.23479496571491032,229.8768798828125,7.718761593397252,213.42189025878903,0
2026-01-20,ACMESOLAR.NS,25.716451788563873,-5.465246111593132,-3.545604223797841,-1.9196418877952905,228.63247604370116,231.19162017822265,254.2603279876709,225.07668970501982,235.33375072102123,245.9306508749776,211.33430121242472,228.63247604370116,6.524797426619155,-3.926559448242159,-0.018398110163305836,0.013713421063279963,-0.03191440421683689,228.63247604370116,8.87377645373695,209.49533081054688,0
2026-01-21,ACMESOLAR.NS,22.3906826083047,-6.466022913678614,-4.129687961773996,-2.336334951904618,227.0463737487793,230.2402587890625,254.32164215087892,223.07035521999933,234.10537530499315,247.05472709740306,207.03802040015555,227.0463737487793,6.648220477883261,-5.4851531982421875,-0.026182699046417346,0.014184399920678914,0.9487882349998749,227.0463737487793,10.264068698279246,204.0101776123047,1
2026-01-22,ACMESOLAR.NS,27.12351030604634,-6.972384251855431,-4.698227219790283,-2.2741570320651476,225.53220825195314,229.27211212158204,254.3478331756592,221.49869442477245,233.02547497421372,246.88191142659392,204.18250507731236,225.53220825195314,6.5166159937610075,2.5577392578125,0.012537312048583882,0.014627029386208459,-0.6407241421795109,225.53220825195314,10.952166640312571,206.5679168701172,0
2026-01-23,ACMESOLAR.NS,22.605879292210787,-7.910524942056924,-5.340686764243611,-2.5698381778133124,223.9256248474121,228.23122955322265,254.38441780090332,219.33546543565723,231.68270301597252,248.06630071955254,199.78494897527167,223.9256248474121,6.789778511224786,-7.7831268310546875,-0.03767829462088468,0.01569343698134085,0.20050939123104072,223.9256248474121,12.383905424760236,198.7847900390625,1
2026-01-27,ACMESOLAR.NS,34.96085017143092,-7.8978467630763305,-5.8521187640101555,-2.045727999066175,222.50437774658204,227.36419372558595,254.46456184387208,218.16328080897262,230.71583336261946,247.1057593092622,197.90299618390188,222.50437774658204,7.239685014708912,8.24273681640625,0.04146563132313341,0.018223335201586078,2.356764750515513,222.50437774658204,12.620242457348347,207.02752685546875,1
2026-01-28,ACMESOLAR.NS,45.37606484213704,-7.068638417104722,-6.095422694629069,-0.9732157224756532,221.60467147827148,226.64802520751954,254.5730475616455,217.97339350443502,230.14538750962765,245.74652045119404,197.46282250534892,221.60467147827148,7.585375323293369,9.141937255859318,0.04415807595596477,0.021432095229501548,-0.40345158928409974,221.60467147827148,12.384507212763873,216.16946411132807,0
2026-01-29,ACMESOLAR.NS,43.7039200539265,-6.50021428381902,-6.1763810124670595,-0.32383327135196005,220.44769134521485,226.003193359375,254.66814811706544,217.6084275145223,229.51777429789135,243.67410852061712,197.22127416981257,220.44769134521485,7.626621260776411,-2.0282135009764772,-0.009382516209282654,0.021077763140933233,-0.4433583911485831,220.44769134521485,11.914900609230777,214.1412506103516,1
2026-01-30,ACMESOLAR.NS,54.000515896884366,-5.068205740594948,-5.954745958092638,0.8865402174976902,219.84522247314453,225.66109497070312,254.81241302490236,218.36773551304623,229.36339732538673,241.85056347723946,197.8398814690496,219.84522247314453,8.201590081731322,11.439910888671847,0.053422266172750366,0.024781032842487737,1.858649197692515,219.84522247314453,11.288501750226597,225.58116149902344,0
2026-02-02,ACMESOLAR.NS,47.23934588770536,-4.551623197455456,-5.674121405965202,1.1224982085097466,218.69573593139648,225.12276977539062,254.86730255126952,218.26304581202695,228.8890873774243,238.61907730539883,198.77239455739414,218.69573593139648,8.654846353094893,-8.312667846679716,-0.03685000906742697,0.025718544739530166,-0.7121938237134293,218.69573593139648,10.220458475464447,217.26849365234372,0
2026-02-03,ACMESOLAR.NS,47.15528929080457,-4.103789391797363,-5.3600550031316345,1.2562656113342712,217.63267288208007,224.70913452148437,254.93137466430665,218.1578604826449,228.42906825883964,235.38326318497784,199.8820825791823,217.63267288208007,9.176352860871793,-0.109893798828125,-0.0005057972142246125,0.02572509877471289,9.027163914692588,217.63267288208007,9.10586069375288,217.1585998535156,1
2026-02-04,ACMESOLAR.NS,55.898852049198226,-2.7991498963208983,-4.847873981769488,2.0487240854485895,217.53126220703126,224.6208123779297,255.0580859375,219.14554657507156,228.43297007038024,235.0063848630911,200.0561395509714,217.53126220703126,9.491471283256715,11.369964599609403,0.0523578831659397,0.027725652446245554,-0.37581453804391796,217.53126220703126,8.96454877257511,228.528564453125,0
2026-02-05,ACMESOLAR.NS,54.516019089210964,-1.874214479093581,-4.253142081234307,2.3789276021407257,217.35391845703126,224.42618377685548,255.1532974243164,219.88501722538098,228.373245299123,234.36661890045207,200.34121801361044,217.35391845703126,9.113244625664095,-1.6185760498046875,-0.007082598421243258,0.027769925448202108,-0.6143679781688184,217.35391845703126,8.727331182729621,226.9099884033203,0
2026-02-06,ACMESOLAR.NS,50.1266874345053,-1.5525782402849018,-3.7130293130444256,2.160451072759524,216.99400100708007,224.18809997558594,255.18103416442872,220.04739618847714,228.1072355359374,233.31433990192897,200.67366211223117,216.99400100708007,8.955870271124473,-5.319992065429659,-0.02344538511885008,0.028212473689687503,-0.6067715404945435,216.99400100708007,8.37215720240416,221.58999633789065,1
2026-02-09,ACMESOLAR.NS,54.86424701698642,-0.7691584482823259,-3.124255140092006,2.35509669180968,217.0854705810547,224.10379425048828,255.2072827911377,220.80764405426947,228.10420664352014,233.63014719894883,200.54079396316055,217.0854705810547,8.916879799051964,6.440002441406222,0.029062694832063585,0.02888906610758449,0.5171342226354978,217.0854705810547,8.4872400261044,228.02999877929688,1
2026-02-10,ACMESOLAR.NS,60.410885440121035,0.5569876533471643,-2.3880065814041718,2.944994234751336,217.77180404663085,224.24184814453125,255.28177383422852,222.33548805895958,228.44717917136313,236.2833765647693,199.2602315284924,217.77180404663085,9.170674186312763,8.820007324218722,0.03867915349486695,0.029866571627396414,1.5291482548903406,217.77180404663085,9.496236333332263,236.8500061035156,0
2026-02-11,ACMESOLAR.NS,53.85714663428844,0.9426919560391411,-1.7218668739155092,2.6645588299546503,217.98919372558595,224.2898385620117,255.36607231140135,222.9454421003124,228.4586625565318,236.904362573163,199.07402487800888,217.98919372558595,9.432768625711182,-8.110000610351506,-0.034241082547437296,0.03101852869927562,-0.28565841020034877,217.98919372558595,9.703276881824785,228.7400054931641,0
2026-02-12,ACMESOLAR.NS,50.38747701840118,0.8528285645742528,-1.206927786217557,2.05975635079181,218.10845870971679,224.33135009765624,255.43530456542967,223.04206730160334,228.2822446803489,237.14226170338512,199.07465571604845,218.10845870971679,9.237570648749111,-4.779998779296903,-0.02089708255882572,0.031271262524492915,-0.6794487709722964,218.10845870971679,9.764134914678657,223.9600067138672,1
2026-02-13,ACMESOLAR.NS,50.87235433433418,0.826948359476603,-0.800152557078725,1.627100916555328,218.26172332763673,224.4597967529297,255.49840423583984,223.1942513099886,228.13941153169398,237.4534122964265,199.07003435884695,218.26172332763673,9.104886289840133,0.67999267578125,0.0030362236801055875,0.03127354646298724,0.42529639039877987,218.26172332763673,9.845128710964875,224.63999938964844,1
2026-02-16,ACMESOLAR.NS,51.95802158866206,0.9137157046290838,-0.45737890473716325,1.371094609366247,218.74875869750977,224.60085815429687,255.58477462768553,223.47098986175308,228.059434848236,238.21503731350373,199.2824800815158,218.74875869750977,8.879537051154566,1.460006713867159,0.0064993176541756625,0.030742432462147657,-0.4718711269566547,218.74875869750977,9.985990227833971,226.1000061035156,1
2026-02-17,ACMESOLAR.NS,57.94288359199813,1.6676930193570456,-0.032364519918321455,1.7000575392753672,219.81916427612305,225.0484033203125,255.68557075500487,224.55280052549608,228.3249472789348,240.32280057352023,199.31552797872587,219.81916427612305,9.266713194054798,8.729995727539091,0.03861121402863743,0.03149827813485301,3.3602845017858893,219.81916427612305,10.518143490078458,234.8300018310547,0
2026-02-18,ACMESOLAR.NS,54.66652802178647,1.9282990966365787,0.3597682033926586,1.5685308932439201,220.89089736938476,225.46570648193358,255.7327968597412,225.1601521588566,228.42710592194837,241.364745277961,200.41704946080853,220.89089736938476,9.083376319353897,-3.9000091552734375,-0.016607797661557955,0.031429979965999506,-0.7406386144189107,220.89089736938476,10.502862369041553,230.92999267578125,0
2026-02-19,ACMESOLAR.NS,52.851071488996645,1.9350043966779822,0.6748154420497233,1.260188954628259,222.12688827514648,225.7003317260742,255.81563186645508,225.50013726063588,228.43898395354017,241.31975952510157,202.9340170251914,222.12688827514648,9.121707323398372,-2.199996948242216,-0.009526683488579768,0.030764158118061366,1.934245348130339,222.12688827514648,9.845735208405731,228.72999572753903,1
2026-02-20,ACMESOLAR.NS,54.95979922394232,2.1479504839812193,0.9694424504360226,1.1785080335451967,223.3789924621582,226.00814331054687,255.89293449401856,226.08202900822786,228.56333754792493,241.59065940707953,205.1673255172369,223.3789924621582,9.023728228869917,2.880004882812557,0.012591286392726442,0.0307647474546404,-0.3527461863066874,223.3789924621582,9.342388020437022,231.6100006103516,0
2026-02-23,ACMESOLAR.NS,54.8497268874016,2.2807382583151536,1.231701612011849,1.0490366463033047,225.01425323486328,226.11532989501953,255.9756817626953,226.59707438774558,228.67810883989512,239.6139535621279,210.41455290759865,225.01425323486328,8.682747641093494,-0.1199951171875,-0.0005180912606160826,0.029050724515127753,-0.2742320938213726,225.01425323486328,7.489488241352017,231.4900054931641,1
2026-02-24,ACMESOLAR.NS,54.938821572489246,2.3675579221282987,1.4588728740351389,0.9086850480931599,226.2428771972656,226.184951171875,256.07261711120606,227.07354407496177,228.7926930463116,238.53446559266516,213.95128880186607,226.2428771972656,8.431121981252556,0.11000061035150566,0.0004751851386290973,0.027995299906509123,0.01619214367667432,226.2428771972656,6.305451803210509,231.6000061035156,1
2026-02-25,ACMESOLAR.NS,56.871807791582626,2.5936689013081775,1.6858320794897468,0.9078368218184307,227.1304039001465,226.25601196289062,256.1369412994385,227.72558732200784,228.9937638354345,238.93825034780087,215.3225574524921,227.1304039001465,8.43032742323061,2.319992065429716,0.010017236633373727,0.02654912038568866,1.0183521564762814,227.1304039001465,6.057297420019499,233.9199981689453,1
2026-02-26,ACMESOLAR.NS,57.71382848252538,2.8210359772888864,1.9128728590495747,0.9081631182393117,228.16934127807616,226.34007934570312,256.2073146057129,228.41076930743046,229.22616518184668,238.82296082110878,217.51572173504354,228.16934127807616,8.09958996812541,1.0,0.004274965833736655,0.026354006077904703,-0.5942084517608104,228.16934127807616,5.465191511251396,234.9199981689453,1
2026-02-27,ACMESOLAR.NS,58.652724680269614,3.0531780093546104,2.140933889110582,0.9122441202440283,228.690283203125,226.36401885986328,256.1994615936279,229.1335531829133,229.49180576295075,239.79605628295602,217.584510123294,228.690283203125,7.973190815477502,1.0800018310546875,0.004597317552667457,0.023763342111930326,1.1947679398862907,228.690283203125,5.697141381538348,236.0,0
2026-03-02,ACMESOLAR.NS,54.189605571185965,2.903509384286167,2.293448988145699,0.6100603961404678,229.44085845947265,226.35811889648437,256.1843486022949,229.43321466828314,229.60114666555256,239.31863650486457,219.56308041408073,229.44085845947265,8.689391471514822,-3.720001220703125,-0.015762717036877594,0.022350072127650434,0.341305614603888,229.44085845947265,5.067193220637059,232.27999877929688,0
2026-03-04,ACMESOLAR.NS,46.32214701802781,2.1381171615706194,2.2623826228306836,-0.12426546126006421,229.81142883300782,226.19941772460936,256.13762954711916,228.97005206408653,229.40384708353946,238.27283961199126,221.3500180540244,229.81142883300782,8.87157818734691,-7.709991455078125,-0.0331926618546432,0.02381192972575533,-0.4511809073450258,229.81142883300782,4.340612143668498,224.57000732421875,1
2026-03-05,ACMESOLAR.NS,52.709185429670924,2.0453660088637946,2.218979300037306,-0.17361329117351154,229.9465003967285,226.1363494873047,256.06151573181154,229.18528479393916,229.47546075585316,238.407931319735,221.485069473722,229.9465003967285,8.823608098839431,6.659988403320284,0.02965662459860474,0.0217327358735716,-0.004113318471463234,229.9465003967285,4.340622477334286,231.22999572753903,0
2026-03-06,ACMESOLAR.NS,49.98734661537096,1.723633580660504,2.1199101561619456,-0.39627657550144146,230.02100067138673,225.98970489501954,256.01646202087403,229.11049518465776,229.43328558489753,238.4000141905876,221.64198715218586,230.02100067138673,8.799779341291194,-2.8300018310546307,-0.01223890448187892,0.021861513611141702,-0.4745619595685463,230.02100067138673,4.298343241264466,228.3999938964844,0
2026-03-09,ACMESOLAR.NS,42.51798280323273,0.7387600957835048,1.8436801440862576,-1.1049200483027528,229.91450119018555,225.64188049316405,255.89603546142578,228.19140104458245,229.042176609563,238.7605766396057,221.0684257407654,229.91450119018555,8.978365659268166,-8.939987182617216,-0.039141801320139225,0.023019491321515435,0.5325620302080634,229.91450119018555,4.537940956008505,219.4600067138672,1
2026-03-10,ACMESOLAR.NS,46.97523093835011,0.33125211859305637,1.5411945389876174,-1.209942420394561,229.71950149536133,225.50615142822267,255.75454803466798,227.80460141012816,228.84954242420025,238.8891667548777,220.54983623584496,229.71950149536133,8.941340020310951,4.6699981689453125,0.02127949524322248,0.02255938387058834,0.7995891784183369,229.71950149536133,4.703939026065548,224.1300048828125,1
2026-03-11,ACMESOLAR.NS,52.197883815702355,0.49561199006910783,1.3320780292039156,-0.8364660391348078,229.38900146484374,225.40190216064454,255.65305229187013,228.03654465613158,228.90407038768905,237.96403531782985,220.81396761185763,229.38900146484374,9.022673006792647,6.110000610351591,0.02726096674805434,0.02163815617876066,-0.18711105035627018,229.38900146484374,4.398899550780549,230.2400054931641,1
2026-03-12,ACMESOLAR.NS,59.172269794389905,1.403692942082131,1.3464010117795586,0.05729193030257229,229.95600128173828,225.52023040771485,255.61939002990724,229.18354057755283,229.3423422089975,239.7038476604127,220.20815490306387,229.95600128173828,9.809625545230448,9.839996337890597,0.04273799558340774,0.02228664908935928,1.5230773111469391,229.95600128173828,5.000539681985798,240.0800018310547,0
