date,Close,High,Low,Open,Volume
,ALLDIGI.NS,ALLDIGI.NS,ALLDIGI.NS,ALLDIGI.NS,ALLDIGI.NS
2024-09-18,1038.0126953125,1063.3116694961182,1031.746812670137,1059.212972285174,12160
2024-09-19,1030.9459228515625,1056.1977389710962,1023.4080466930994,1045.5976006232577,34939
2024-09-20,1056.621826171875,1072.2628963842521,1036.410826468604,1038.907770979774,9665
2024-09-23,1043.807373046875,1064.489373282801,1041.2162283011103,1055.3025873659988,9801
2024-09-24,1047.2464599609375,1074.0059420222506,1036.4579212428162,1051.4865150932944,19530
2024-09-25,1034.9031982421875,1055.3967977888708,1031.7938935291763,1055.2554396158123,9034
2024-09-26,1021.570556640625,1083.569630183907,1007.4841974557763,1027.9777969831675,56078
2024-09-27,990.71240234375,1058.0821679599158,989.346208349287,1027.035587714974,26284
2024-09-30,955.6141967773438,1005.5997231662718,949.7723316482567,989.3933365306092,17578
2024-10-01,958.864990234375,976.1078130820655,936.6282208722897,965.177915563188,22199
2024-10-03,945.6736450195312,967.5334386281555,942.2344662140787,961.0791555383603,18488
2024-10-04,959.712890625,980.8660655972585,929.9854051340002,952.7874903990495,23865
2024-10-07,926.5934448242188,969.6064734270386,900.3050788584875,959.1947360313346,25833
2024-10-08,944.44873046875,993.9631995769885,919.6208743344955,941.4807262918736,44840
2024-10-09,962.5867309570312,982.3736552259985,951.6568338884211,958.6293921107813,14546
2024-10-10,944.8256225585938,969.5592775993946,942.2344777447955,969.5592775993946,9696
2024-10-11,948.2647705078125,955.4257293015684,937.2406159755245,951.6567915133966,7668
2024-10-14,939.9730834960938,951.6568139182675,933.2832417683603,949.9137031539706,12191
2024-10-15,962.3040771484375,975.2127012171592,940.255824496142,940.255824496142,13809
2024-10-16,986.6608276367188,998.768517319319,939.4077469503405,962.3040325907755,32250
2024-10-17,1025.151123046875,1031.746764463537,969.8890473163577,994.9524616959012,31625
2024-10-18,1040.980712890625,1081.5909964967925,995.0467814002646,1025.7636028392774,40367
2024-10-21,1020.3457641601562,1056.1977179127155,1014.8337153329514,1041.1691236289635,22108
2024-10-22,1001.2183227539062,1070.0956393651231,989.3461914601556,1021.3821633741035,47709
2024-10-23,1027.83642578125,1047.9531082654566,979.9238270490183,990.2884059889599,17130
2024-10-24,962.3511962890625,1027.0356185726635,948.2176786022827,1026.9884608394964,29439
2024-10-25,915.4750366210938,956.6035964225457,893.945000843034,944.1660892567564,62271
2024-10-28,874.629150390625,892.3431469979166,764.1992585485496,880.9892330893988,216823
2024-10-29,875.2886962890625,927.6769082539846,866.8556865323247,895.1227197888136,82081
2024-10-31,893.0027465820312,902.5664497523109,885.841787392162,890.4116017093322,35007
2024-11-01,906.5238037109375,913.9674793818402,890.4116165111743,899.7397612117303,11938
2024-11-04,928.3364868164062,940.2557755478881,897.0071915242007,918.2545667543225,52434
2024-11-06,904.1681518554688,931.4458505834639,895.122724172861,925.274226460789,63254
2024-11-07,888.951171875,902.5193144951803,876.278106043771,895.2169969448155,33741
2024-11-08,894.2276611328125,904.8277994997482,876.2781050000209,887.3964608518983,57459
2024-11-11,870.2477416992188,908.7380546675407,862.1445481845345,890.4115825512405,28509
2024-11-12,836.3272705078125,892.2960195532552,829.1663117284736,869.6823928697513,30932
2024-11-13,813.4309692382812,846.2207157924113,800.8992628624364,835.7619366576249,30545
2024-11-14,835.1966552734375,855.5488967744326,814.0905801906495,815.8336909523329,15524
2024-11-18,868.0335083007812,871.5668875747328,815.032819191507,835.1966599186288,24953
2024-11-19,885.1350708007812,916.7941255125517,862.14452707501,880.2354401286334,36115
2024-11-21,869.2584228515625,910.1985232078815,854.5595877165736,885.7004263099469,23643
2024-11-22,894.88720703125,899.7868378819776,866.4788141490974,874.9589245605544,12872
2024-11-25,893.5680541992188,902.8490984169546,891.1182675327972,895.1227641090746,29487
2024-11-26,942.4700927734375,948.8772761037025,887.6320313846088,893.5680974478038,65936
2024-11-27,970.68994140625,975.2127130394846,931.5872669435656,936.8166569463841,50579
2024-11-28,982.32666015625,991.0893723176167,916.0404261346334,968.3815430351839,66859
2024-11-29,969.1353149414062,984.2110665363134,933.4246053471984,953.5412883778814,45535
2024-12-02,977.47412109375,981.8083769132027,956.5565030971678,968.6170935381692,18366
2024-12-03,962.4924926757812,988.4039401046447,953.5412653821738,967.5805817201289,10939
2024-12-04,941.9047241210938,968.5698909839552,934.696607320946,963.2463006596092,15112
2024-12-05,935.8743896484375,963.7645070258328,931.8698931410065,951.6568170600774,24019
2024-12-06,935.4033203125,960.4667355563352,925.3684996644786,925.3684996644786,17661
2024-12-09,914.0616455078125,947.4638693060962,909.256272666404,942.7997971309475,21301
2024-12-10,933.2361450195312,959.1946932414188,914.1558969467035,921.2697557139462,19874
2024-12-11,932.5765991210938,963.1050200147606,920.0919919593312,937.4291298141546,25627
2024-12-12,927.9596557617188,942.2816321488522,923.3898412856595,935.4504317924021,8291
2024-12-13,935.0263671875,938.4655460578491,914.0616499186374,927.9596085575464,9287
2024-12-16,926.4520874023438,939.4549122148765,920.6102219041245,935.0263984899635,7540
2024-12-17,912.035888671875,931.3045955486525,908.3140509239831,920.5630993285597,13366
2024-12-18,936.2513427734375,946.8043232655864,907.6544909226282,916.7941771608558,14026
2024-12-19,920.7044067382812,929.9853929754511,911.9415804321873,924.0964277210472,4612
2024-12-20,893.14404296875,924.096421121061,886.6426023705516,919.9505666078003,7591
2024-12-23,879.2461547851562,905.0162455939767,877.0789694076315,901.105949379153,9125
2024-12-24,916.3701782226562,919.149781580681,881.0834836657249,881.2248418486232,8616
2024-12-26,917.4066162109375,921.5053131583305,895.6409654128905,916.3701237865953,4850
2024-12-27,917.0297241210938,927.8654208355994,909.0678311202885,920.5631034845195,8205
2024-12-30,890.03466796875,923.3897916081634,886.2186298216428,920.6101883866407,6307
2024-12-31,896.8187866210938,902.001076377005,877.2203205006242,885.7004310102973,6629
2025-01-01,916.935546875,918.6786577346214,897.52548124182,901.5299779550222,3720
2025-01-02,935.8743896484375,968.6170375621382,908.5966901724041,916.0874657293666,28291
2025-01-03,922.3062133789062,946.9456684523589,914.9096955892941,940.3500269805514,8294
2025-01-06,906.994873046875,951.1385922398086,900.7761485813606,927.158713602572,16844
2025-01-07,970.9254760742188,979.8767036541855,908.6437998110637,912.8367547583023,23107
2025-01-08,972.1975708007812,981.4313995826191,946.9927412539242,961.220516236784,12677
2025-01-09,985.0590209960938,1023.7377935811879,965.6019704088342,970.737102473096,51171
2025-01-10,968.0045776367188,997.8734798989254,961.1262773805128,988.8750945366181,16776
2025-01-13,911.3292236328125,974.2704769886042,891.8720581243841,974.2704769886042,34052
2025-01-14,930.0796508789062,949.7252746870197,903.6028844630619,910.198525955493,12050
2025-01-15,926.2164916992188,951.7039228224234,911.8003156904248,932.0112567415966,6172
2025-01-16,989.6759643554688,998.7685501031034,916.9826086342822,916.9826086342822,21209
2025-01-17,998.6271362304688,1007.2486042566414,961.3617760781442,974.8357169063526,13229
2025-01-20,989.1578369140625,1026.8472174020228,975.2127201259727,975.2127201259727,13356
2025-01-21,998.0618896484375,1050.0261450941366,980.7719096547595,984.6350480836603,39550
2025-01-22,1007.6726684570312,1040.2269173583547,924.332070587451,994.0574255553117,36788
2025-01-23,929.8440551757812,994.0573567202996,918.6785998125991,994.0573567202996,57652
2025-01-24,907.32470703125,951.6568279605981,899.8339313884863,934.6966072642706,21960
2025-01-27,836.6100463867188,900.9646520681363,774.5167690289245,774.5167690289245,77775
2025-01-28,870.4361572265625,913.9673995091949,808.4371430710198,835.7619416130473,46987
2025-01-29,856.4440307617188,880.5652101266716,848.011020775455,862.9925718129259,17529
2025-01-30,873.8283081054688,878.1154636266716,860.872583585145,860.872583585145,12794
2025-01-31,903.3202514648438,906.3825136739598,870.6247019148562,870.7189023636719,7118
2025-02-01,881.9315185546875,903.3202538505818,874.3936423277244,903.3202538505818,4750
2025-02-03,906.7593383789062,928.1480728021687,865.0183619769603,884.5697276429763,13475
2025-02-04,917.3123779296875,929.9854433454501,891.1182705612557,920.1861816276027,10124
2025-02-05,929.7498779296875,937.5233124297331,904.545105459843,904.545105459843,7309
2025-02-06,912.4598999023438,936.9108388240837,907.3718106705131,925.0858075181659,9549
2025-02-07,910.2926635742188,923.3897452090149,893.8507187104357,897.6196564459826,12814
2025-02-10,895.9707641601562,913.9674192046418,890.4115578849346,895.1698303696301,4530
2025-02-11,895.8765258789062,902.1895083530798,882.8737016468259,882.8737016468259,17505
2025-02-12,900.3992309570312,908.9735990866344,882.4496759164794,882.4496759164794,13036
2025-02-13,909.9629516601562,937.4762100566592,898.326378802677,907.6544656756741,6150
2025-02-14,899.786865234375,909.9629865355789,878.2567719740304,909.9629865355789,8955
2025-02-17,893.23828125,899.8339225672469,880.7065742491167,899.7868223454379,15707
2025-02-18,852.2510986328125,899.3157230442716,833.9717264709682,885.7004231230998,23921
2025-02-19,853.3817749023438,892.2960471902769,840.3789506584787,849.000361592939,13075
2025-02-20,874.1109619140625,882.8266310865456,848.0581548433541,862.0974719736126,27634
2025-02-21,889.9404907226562,896.3005736367674,869.7295490714838,870.5304829070672,14970
2025-02-24,896.9601440429688,898.8446130435278,868.9757678827813,876.6078443312733,28928
2025-02-25,892.7200927734375,897.0072482669449,883.8159652041958,891.3067410167143,21289
2025-02-27,883.863037109375,895.593867816218,876.4665194899403,885.7946062797915,7294
2025-02-28,839.6251220703125,894.1334212404695,830.8152526866496,891.0240589585549,16020
2025-03-03,857.2449340820312,885.7004274003981,847.7754888867108,853.0048788444761,23896
2025-03-04,882.685302734375,889.7049615367099,836.7513690569436,844.3835033120838,20786
2025-03-05,891.5422973632812,895.1227769692723,878.539472736561,881.8372934938162,14018
2025-03-06,895.6881103515625,904.4980376058771,890.4116200513271,896.8659034997786,6753
2025-03-07,893.473876953125,899.928160363409,889.3751798253433,895.6881050549049,8840
2025-03-10,851.4501953125,904.5450842874783,839.2482475173615,890.4115673454864,13884
2025-03-11,868.2691040039062,876.8905728043533,839.5309513483239,848.011061968004,7505
2025-03-12,859.5062866210938,889.6577893659027,854.6066559231768,874.3935795994577,12186
2025-03-13,855.8316040039062,870.2949384082922,848.0581692049161,848.0581692049161,9151
2025-03-17,853.9942016601562,883.7688458633698,850.2724214555049,855.8315704060368,16925
2025-03-18,889.2808837890625,898.8916869120201,841.4624843018664,853.9941912862805,23797
2025-03-19,897.1486206054688,904.5451385786153,876.2781029980334,876.2781029980334,11124
2025-03-20,896.0650024414062,903.8384370051724,883.5803954147516,896.1121026641492,5697
2025-03-21,896.0650024414062,904.5451128746057,884.7581885304737,895.9708019959203,10949
2025-03-24,918.01904296875,928.0067629690071,880.989239382166,880.989239382166,9405
2025-03-25,900.3992309570312,922.3533399797333,895.1227409614506,917.9719267175719,8365
2025-03-26,875.5242919921875,911.0936436802082,863.1338855527213,893.9449646095284,22078
2025-03-27,895.028564453125,904.4980095693737,876.2780751109575,876.2780751109575,8232
2025-03-28,886.2656860351562,900.823219549216,864.0289763860256,864.0289763860256,7615
2025-04-01,916.699951171875,922.9186757535794,880.0941070153483,893.3324899946649,9553
2025-04-02,927.53564453125,937.0050895473968,906.5237696329485,916.6999480180785,6225
2025-04-03,902.8490600585938,946.0504865187398,899.2685806561632,946.0504865187398,14939
2025-04-04,914.6270141601562,923.2484250797833,866.8557148919429,866.8557148919429,9256
2025-04-07,848.9533081054688,893.1912306124069,831.0508521076841,893.1912306124069,16864
2025-04-08,876.9376220703125,890.0346465384404,849.1417055432161,857.4333572765322,6495
2025-04-09,890.176025390625,895.1227564129068,852.9577634134567,863.793459938455,4069
2025-04-11,883.4861450195312,897.3369452697962,879.1047318729854,897.3369452697962,4107
2025-04-15,901.058837890625,911.564775534914,883.8630583220656,890.1289407302716,3093
2025-04-16,904.8748168945312,910.1984644574993,896.0649479286561,901.0587789336288,6562
2025-04-17,902.0481567382812,910.1985079968903,892.5316114907395,909.1620730723009,8550
2025-04-21,903.4614868164062,913.0251895664095,895.1227348690289,909.0677933419452,9242
2025-04-22,907.5602416992188,913.8732240714553,890.4115630569767,899.8339076395902,7388
2025-04-23,917.5479125976562,922.4475433286624,903.8384126026756,913.9674331244153,5261
2025-04-24,910.9993896484375,945.53230655892,902.6606374523622,923.3897961412473,13670
2025-04-25,906.0055541992188,913.9674470699093,860.3542820679132,913.9674470699093,24546
2025-04-28,906.2410888671875,914.3914399206491,890.4115614979975,890.4115614979975,6321
2025-04-29,907.13623046875,922.4004402916885,904.9220024815041,910.9051683258001,3040
2025-04-30,897.2898559570312,913.1193832279168,880.9892114607655,908.9264859295756,9480
2025-05-02,912.6483154296875,921.5053427502822,891.5422970952573,897.289904552402,5835
2025-05-05,907.23046875,918.678640972039,893.2383093758903,918.678640972039,5201
2025-05-06,903.7442016601562,914.3443392923142,897.9494367508056,906.2881886843323,5843
2025-05-07,879.3873901367188,909.1620329052909,873.4984248948444,881.0834006244934,10579
2025-05-08,876.089599609375,900.681953807443,867.7979477666929,886.1715199506782,7711
2025-05-09,883.5332641601562,906.1939914088641,862.9454067147715,862.9454067147715,8747
2025-05-12,911.3763427734375,946.0034615089494,876.278106776218,893.1441277491242,8346
2025-05-13,905.58154296875,925.3684672070425,897.1485903128306,925.3684672070425,3716
2025-05-14,906.8535766601562,959.0062315425197,903.6970566817163,911.6118492291827,22796
2025-05-15,904.073974609375,917.6892742124649,863.1338753568095,917.6421739908169,20692
2025-05-16,905.2047119140625,914.9097159365288,888.5271494625609,914.9097159365288,10793
2025-05-19,913.8732299804688,924.3320095310243,903.6028513152418,911.234927472736,11011
2025-05-20,910.9993896484375,948.7359268146104,906.4295753957958,913.8732508378489,13629
2025-05-21,907.32470703125,919.149738292637,896.5832109198044,910.999387009797,5479
2025-05-22,884.145751953125,922.4005085382322,878.6337029331349,913.3079222815857,22166
2025-05-23,883.3919677734375,905.3931784468515,876.278108608662,879.104812184819,6544
2025-05-26,889.2808837890625,902.6606248026366,873.4513561503592,883.3919183349743,5908
2025-05-27,882.685302734375,890.3174369895153,873.545616223851,885.7475649795371,4128
2025-05-28,865.7720947265625,887.5848450802348,858.4226775749172,881.5074214225453,15003
2025-05-29,856.8680419921875,872.5091110438461,833.8774981358572,866.7615038344774,36020
2025-05-30,869.3054809570312,880.5180939208427,854.7951049261641,856.4911154350411,12010
2025-06-02,853.09912109375,875.0531729732388,843.2998594991504,875.0531729732388,9190
2025-06-03,861.3436889648438,864.9712687767477,853.7586552517957,859.0352029438914,5302
2025-06-04,857.7631225585938,866.7615077105536,849.8954877764081,865.5365568980121,5853
2025-06-05,859.270751953125,864.1703827875909,850.8377417922792,857.7631422682122,6090
2025-06-06,852.4866943359375,864.029067373368,846.3150696422998,864.029067373368,6246
2025-06-09,860.542724609375,871.9437961312873,853.523066349547,866.855707021088,9098
2025-06-10,858.0929565429688,869.2113119582729,848.9532705413592,867.1854848128098,11752
2025-06-11,867.4682006835938,899.8339322046708,860.3071840996583,866.66726686655,21580
2025-06-12,850.5079345703125,876.1366651590272,847.5869733202308,874.3935544604788,10666
2025-06-13,857.57470703125,866.8556933530527,843.2998321206328,852.7221766136008,8110
2025-06-16,861.8618774414062,865.866373921392,841.226919634885,853.6644260863734,6250
2025-06-17,862.8041381835938,876.2780799541207,856.4911555680599,866.8086347855347,4565
2025-06-18,855.878662109375,865.9134822689289,849.8954961986657,865.9134822689289,4001
2025-06-19,849.4243774414062,862.144542827384,848.6706013648636,857.998688142257,3868
2025-06-20,852.91064453125,864.9241338939592,843.4411997119412,854.9835718447401,4738
2025-06-23,863.79345703125,874.2993944565086,834.8197468553994,858.4698092309402,8154
2025-06-24,864.4059448242188,871.3784455501627,857.4333865888455,871.3784455501627,2834
2025-06-25,868.1748657226562,871.5668868189371,859.4120391233124,866.8557144577536,3025
2025-06-26,869.6824340820312,875.7598580431036,853.7115479780973,866.7615301674343,5543
2025-06-27,863.934814453125,880.6123186785995,858.4227082602843,860.9667528485624,7090
2025-06-30,872.5562133789062,876.2780510114318,863.0867685230876,863.9348025439665,4030
2025-07-01,865.8663940429688,876.2780736309996,864.5001425338088,873.4513701676739,3305
2025-07-02,871.1428833007812,876.5136313776227,859.8831696812254,863.1338901626896,3591
2025-07-03,868.693115234375,876.8434092143028,856.1142500602111,876.2780915138724,4608
2025-07-04,875.006103515625,879.0577004197056,863.2752723266958,868.693120776535,4361
2025-07-07,874.4878540039062,883.7688987331684,866.7144190450513,877.1261567247606,5808
2025-07-08,897.9965209960938,922.4475162011662,874.4406600103642,874.4406600103642,24817
2025-07-09,891.636474609375,909.4447292389552,882.496788675196,904.5450984537782,8716
2025-07-10,890.7885131835938,897.4783550838591,886.7840165861066,889.9404791356482,8952
2025-07-11,894.88720703125,907.6073726484354,888.2915656001168,891.1653692932247,3577
2025-07-14,895.9236450195312,902.0010690036702,885.7004237702107,894.1805342105638,5801
2025-07-15,906.7593383789062,911.0936515382349,892.3902624074968,898.9859038369963,7889
2025-07-16,902.0010986328125,913.873288144945,891.3538600098454,908.5496400787458,9442
2025-07-17,902.0481567382812,909.2562735165623,896.0649907919696,902.0010565161506,3769
2025-07-18,899.0802001953125,907.9371702733027,891.8720830356975,907.9371702733027,7158
2025-07-21,901.5299072265625,904.5450689583089,891.5893453143748,891.5893453143748,5397
2025-07-22,905.77001953125,917.5479508616507,896.159216063757,901.2473054022622,8697
2025-07-23,914.3914184570312,917.5478808088174,902.4250296370665,909.8215469440776,3719
2025-07-24,922.824462890625,928.1009529186757,914.2971949298703,914.2971949298703,9666
2025-07-25,937.4761962890625,954.1537578896798,923.3897794777963,924.7089307379644,15076
2025-07-28,932.8592529296875,982.986139708337,923.389807729854,933.0477113311101,56603
2025-07-29,955.190185546875,960.1369164707922,931.8698826198366,944.5900478527666,20770
2025-07-30,986.6137084960938,998.7213986522622,954.6248936647293,960.1369424108136,42836
2025-07-31,937.7588500976562,965.1778499904858,890.4115682916706,942.2344638007096,82561
2025-08-01,969.6535034179688,984.6822127425943,938.4655643922397,938.4655643922397,25699
2025-08-04,999.0513305664062,1012.902132321772,978.4634138152858,978.5105715499164,33959
2025-08-05,1007.6255493164062,1021.334991627189,987.4617089729211,1008.1908669857114,24095
2025-08-06,1004.798828125,1021.3821312372588,996.9782362786498,1016.6709590452051,21071
2025-08-07,1008.7562866210938,1014.6924102959638,988.498243788164,1003.4797961428015,27587
2025-08-08,1015.2512817382812,1025.5752829803114,1004.2970293544529,1018.4502263714456,21950
2025-08-11,1013.0701293945312,1027.5625922053955,974.9727142552608,989.7560440016119,29879
2025-08-12,991.5494384765625,1018.8380355993964,988.7866758433724,1013.0701606575644,11798
2025-08-13,999.9347534179688,1008.1746423215584,988.7382103295123,991.5494310432377,14366
2025-08-14,988.156494140625,1008.1746000096999,986.3146721987385,999.6923617884645,6107
2025-08-18,977.4447021484375,998.8199317543118,968.4293060279042,988.1565460022529,8853
2025-08-19,922.2859497070312,968.4293043031644,919.4746698013528,945.0183019586049,32573
2025-08-20,928.5870361328125,944.1943314977972,894.4157320411315,922.2859445981762,20797
2025-08-21,931.5921020507812,939.347291245793,927.1328919306088,938.0870848350831,5028
2025-08-22,932.8038940429688,950.0107208751461,916.2272000293525,937.6024294155632,10004
2025-08-25,934.2579956054688,952.3373049980239,926.793613794129,940.1228458974496,5918
2025-08-26,924.7094116210938,938.2324756845538,920.9287331548668,927.3267406866672,4584
2025-08-28,919.6685180664062,937.4085016625276,912.2041365712911,925.7757177742645,5919
2025-08-29,941.0437622070312,954.8576933030397,913.7067077835558,919.47464172379,9102
2025-09-01,928.635498046875,961.4980785312289,922.9644801419785,948.944412679218,7965
2025-09-02,920.3471069335938,944.291206383629,912.2041345627796,935.0334610597499,5410
2025-09-03,936.826904296875,953.5005141927096,922.6251900243395,926.454326628606,10782
2025-09-04,931.7860107421875,940.3167071800317,927.423716739806,936.8268956450861,2468
2025-09-05,911.3801879882812,933.1431409085908,906.5816527134456,932.6584415710802,6618
2025-09-08,904.8851928710938,914.9669034553845,901.5407556537373,904.448951639717,4738
2025-09-09,897.5177612304688,910.8469933332279,888.987064518183,904.8852268386163,5053
2025-09-10,950.9801025390625,954.7607810479208,899.9897557742643,901.3468784221983,17437
2025-09-11,934.112548828125,959.704697768923,924.8063451227804,954.8577043458477,7371
2025-09-12,913.173583984375,940.0259400602833,906.0969852413309,934.1125724342535,9255
2025-09-15,909.6837158203125,915.0638664883793,906.3877367470005,906.3877367470005,4447
2025-09-16,914.8699951171875,927.7145274989653,906.4362148518989,908.3265540925082,8673
2025-09-17,909.4898681640625,920.9287609401548,905.2244902359057,920.9287609401548,3330
2025-09-18,894.076416015625,910.1199527898674,881.1349669385917,909.4898791304884,14850
2025-09-19,895.62744140625,904.9336448312889,891.9436791817486,899.9897353556242,4325
2025-09-22,895.09423828125,901.5407631037365,890.8773777336922,891.8467764036963,3677
2025-09-23,896.16064453125,899.6019980999841,891.9437246647155,899.5535399982219,2218
2025-09-24,890.2472534179688,902.0254710377592,884.9155606821196,891.9437011066481,5384
2025-09-25,912.5919189453125,939.3472981991972,893.1069704481719,895.5304670895526,10655
2025-09-26,895.3851318359375,922.8675612806433,886.1273269282455,915.1123716900497,6217
2025-09-29,896.7422485351562,910.7985295743922,882.1528100486019,895.3366085977525,3658
2025-09-30,908.18115234375,923.3522657311221,883.0737614059377,892.9616400220505,2961
2025-10-01,904.9336547851562,920.928732775467,888.9385767948455,888.9385767948455,3650
2025-10-03,887.532958984375,925.7757491464711,881.1834093970076,887.4845008833448,9441
2025-10-06,872.0225830078125,900.5229282670512,856.4637458087733,887.5814202068517,9910
2025-10-07,863.0072021484375,878.5175815186986,858.4510163749429,878.5175815186986,4702
2025-10-08,868.6781616210938,878.2267744288524,855.9790621686777,857.9178595914833,5450
2025-10-09,859.0326538085938,900.3774715221031,853.4100941970448,867.8056999255532,13302
2025-10-10,860.5836791992188,897.6631787535641,853.7009722299473,859.0326649763238,50621
2025-10-13,843.5707397460938,872.4103503590566,834.1675607547738,869.065913093149,10897
2025-10-14,865.1398315429688,872.2648879083529,843.6676279145943,846.2365579877724,8036
2025-10-15,866.8363037109375,870.713898396142,862.764817457993,870.713898396142,2445
2025-10-16,856.1729125976562,872.3133648663785,851.132027707141,865.2367664467124,3964
2025-10-17,840.6625366210938,871.5378605261884,823.8919515002082,847.5937015960134,18897
2025-10-20,849.6779174804688,853.0708127584854,833.5859235431202,840.4686302972805,4875
2025-10-21,869.2113647460938,870.5684874205384,842.4074671251514,842.4074671251514,2345
2025-10-23,871.1016235351562,877.7904980430849,867.6602700808913,874.8823020252723,4535
2025-10-24,861.9408569335938,876.7726448515388,855.9790314057669,873.428207583914,3610
2025-10-27,879.8262329101562,916.081767811123,857.966304146662,861.9408743010979,32880
2025-10-28,883.2191162109375,891.2651726119046,879.8262208212188,888.6477843349273,3236
2025-10-29,859.9535522460938,887.9691979893556,855.4458838484438,887.9691979893556,8186
2025-10-30,851.4713134765625,879.002259867808,838.820672438496,865.9638356877914,8040
2025-10-31,855.8821411132812,886.0304172000647,853.070861199187,872.4103772155352,21417
2025-11-03,865.1882934570312,869.5021292746943,849.8233485511121,851.1320130591299,12690
2025-11-04,855.4458618164062,869.5506005265852,854.0402219218746,868.3873102977522,4226
2025-11-06,857.2392578125,869.1628499783927,851.7136733939444,858.45100618642,6480
2025-11-07,848.6600952148438,857.820924671208,846.3335146912781,852.9739312199465,6754
2025-11-10,865.1882934570312,875.9001366854006,839.5476873804834,839.5476873804834,6391
2025-11-11,860.6806030273438,872.0710376319032,855.009644359268,869.5506247055141,4788
2025-11-12,871.7802124023438,881.8135241407915,856.0274840093357,860.6805857934828,4934
2025-11-13,867.708740234375,877.4997024641231,862.7648306023776,877.4997024641231,1813
2025-11-14,843.1829833984375,873.4282348861324,841.4380775595592,872.4588361792665,9304
2025-11-17,849.96875,852.9254041377702,838.5298574201188,838.5298574201188,3383
2025-11-18,847.78759765625,858.838766195639,845.1702094056158,855.4943289402397,2283
2025-11-19,843.3768310546875,853.2647091832911,838.5298377727639,853.2647091832911,5377
2025-11-20,847.9330444335938,853.0708456477649,842.4074600771679,848.9024431218298,2744
2025-11-21,829.5629272460938,849.0963344760206,825.3945247212235,843.3768585499288,3997
2025-11-24,807.4606323242188,829.1266688865261,804.6008944202092,821.0806717758039,8437
2025-11-25,800.577880859375,844.1523636118583,798.9299504277267,809.4479024998363,7599
2025-11-26,802.9529418945312,810.5142400200978,796.7488256337032,809.0601419510502,3570
2025-11-27,811.677490234375,819.1418717870982,803.7284093492334,805.0855911469646,4147
2025-11-28,821.9046630859375,827.8664887503388,804.6493780812958,805.6672348815251,4757
2025-12-01,813.5678100585938,822.2439397354149,805.424837801236,821.9046147103763,3682
2025-12-02,797.2335205078125,812.6469244526165,793.0166006308422,808.526979946812,5135
2025-12-03,804.7947998046875,811.289782825119,795.876320072707,799.7539148111855,3658
2025-12-04,799.2207641601562,810.1264994548073,795.1977359178358,804.794806644089,3010
2025-12-05,820.402099609375,827.8664813567273,793.0165866136753,797.0880729456311,6089
2025-12-08,798.5906372070312,827.0909826532961,793.7921018086681,827.0909826532961,6557
2025-12-09,797.475830078125,803.7284040915008,775.5189267962468,775.5189267962468,3295
2025-12-10,831.5501708984375,862.7648200412759,775.906722499586,775.906722499586,7467
2025-12-11,830.9201049804688,849.2901626933794,818.2209467299768,827.4302342204725,2839
2025-12-12,839.5477294921875,842.4074674810984,821.1291542538206,824.1827838155629,2366
2025-12-15,834.31298828125,845.0248317420104,833.7313135793132,845.0248317420104,645
2025-12-16,813.0831298828125,850.9865939993617,808.9147274587709,839.790051257406,2968
2025-12-17,807.5090942382812,818.1724796363858,803.6314995480614,818.1724796363858,1883
2025-12-18,803.3406982421875,812.840793476169,801.6927086521071,812.840793476169,1736
2025-12-19,806.1034545898438,815.1673676815985,799.6084716481487,803.9707656760544,1977
2025-12-22,803.5830688476562,818.9480146645906,796.5064701301944,806.4428068626817,2899
2025-12-23,796.5064697265625,811.386716183152,794.8584800943828,807.8969045116903,3600
2025-12-24,794.9069213867188,818.1240317167986,789.57522862132,801.6927121790444,3988
2025-12-26,795.7794189453125,806.9275040296116,790.0599429307551,790.0599429307551,3357
2025-12-29,789.2359619140625,801.0141204192753,785.2129337101921,801.0141204192753,3371
2025-12-30,826.1700439453125,833.5859676840613,785.7461062303191,787.0063127096918,5041
2025-12-31,842.7952270507812,851.0351157427095,822.0500718535549,835.5247370284916,4533
2026-01-01,840.6140747070312,848.1269143490316,834.7007073593401,842.4074385675169,1617
2026-01-02,811.3382568359375,839.6931689170916,805.5703227158635,833.6344270194091,5607
2026-01-05,797.669677734375,823.2618264751579,795.0523486402902,815.3612035903323,3309
2026-01-06,786.1823120117188,803.5345716651268,778.814905874376,796.8456972547878,6704
2026-01-07,798.6876220703125,804.3101227635216,786.1823550250252,786.1823550250252,3662
2026-01-08,792.580322265625,809.4478826488602,790.0599094117617,797.8150987066011,3947
2026-01-09,793.5497436523438,801.6927163120747,788.6542921032652,788.6542921032652,2349
2026-01-12,802.565185546875,829.5629149398931,778.0393517706775,790.0599189903744,5227
2026-01-13,793.21044921875,815.8458841393345,790.0599035909335,812.1621810849056,1209
2026-01-14,783.0802612304688,804.6009242920001,781.2868972950916,800.3840635967074,3502
2026-01-16,793.8890380859375,800.7232867507543,779.3965164014605,779.3965164014605,3091
2026-01-19,789.3328857421875,802.3713099959715,785.261399398278,793.8890714325768,2306
2026-01-20,753.8529052734375,790.835429322007,751.2839751109369,781.3353341153744,7785
2026-01-21,749.1028442382812,754.0952712023328,746.4369978175044,751.2839913098259,5469
2026-01-22,768.5392456054688,774.5495291293137,752.0594683899515,752.0594683899515,3236
2026-01-23,768.7816162109375,776.2944560285332,760.0085699348381,760.0085699348381,3479
2026-01-27,787.103271484375,792.9681216755122,747.7941667726936,774.0648473812915,6365
2026-01-28,823.8919677734375,840.468661654684,802.6621128605286,823.9888839751803,16323
2026-01-29,877.0634765625,891.5559990062145,833.2466433522583,833.6828846021001,48338
2026-01-30,870.2776489257812,897.5662449316555,863.2495086253502,877.3057892262123,17688
2026-02-02,883.9946899414062,889.907998289222,862.7648349427097,882.8798577798572,12554
2026-02-03,950.3499755859375,969.3986833813409,889.859533243382,896.6937821277404,78594
2026-02-04,899.4500122070312,954.9500122070312,895.0,954.9500122070312,38084
2026-02-05,887.9000244140625,899.4000244140625,860.0499877929688,890.0,11927
2026-02-06,889.9000244140625,908.0,846.5,884.2000122070312,25822
2026-02-09,902.75,915.0,895.0,904.4000244140625,12563
2026-02-10,887.1500244140625,903.7000122070312,885.0999755859375,902.7999877929688,10231
2026-02-11,871.9000244140625,891.7000122070312,870.0,888.0499877929688,6859
2026-02-12,842.0499877929688,869.75,823.5999755859375,864.9500122070312,18996
2026-02-13,830.2000122070312,873.75,808.0999755859375,842.0499877929688,17432
2026-02-16,812.2000122070312,831.0499877929688,810.0,830.1500244140625,16909
2026-02-17,817.4000244140625,832.9500122070312,812.5,816.2999877929688,7020
2026-02-18,815.1500244140625,820.2000122070312,809.0,815.5,5982
2026-02-19,812.4000244140625,819.2000122070312,811.0,819.2000122070312,5953
2026-02-20,852.9500122070312,865.0,810.0499877929688,812.4000244140625,13372
2026-02-23,825.4500122070312,861.5,810.0999755859375,852.9500122070312,12000
2026-02-24,825.7999877929688,832.4000244140625,814.0,832.4000244140625,2370
2026-02-25,819.9500122070312,836.3499755859375,817.5499877929688,831.0999755859375,4504
2026-02-26,814.0,824.0,811.0,824.0,5083
2026-02-27,823.5499877929688,832.0,812.0,824.4500122070312,10476
2026-03-02,806.8499755859375,827.7000122070312,801.2000122070312,823.5499877929688,8157
2026-03-04,776.6500244140625,804.0,774.2999877929688,800.0,24592
2026-03-05,788.2000122070312,794.0,780.0,780.5,20364
2026-03-06,784.5,800.0,780.0,788.2000122070312,2501
2026-03-09,764.4000244140625,774.5999755859375,752.7999877929688,761.2999877929688,8986
2026-03-10,766.5999755859375,782.4000244140625,760.7999877929688,768.2000122070312,11329
2026-03-11,797.6500244140625,810.0,765.9000244140625,766.5999755859375,9913
2026-03-12,806.7000122070312,850.0,778.0499877929688,791.0,8940
